{"cameraMode":{"drawMode":0,"name":"Shaded","section":"Shading Mode"},"sceneLighting":true,"audioPlay":false,"sceneViewState":{"showFog":true,"showMaterialUpdate":false,"showSkybox":true,"showFlares":true,"showImageEffects":true,"showParticleSystems":true},"in2DMode":false,"pivot":{"x":198.89999389648438,"y":113.80000305175781,"z":448.0},"rotation":{"x":-0.0512210875749588,"y":0.3953331708908081,"z":-0.022088615223765374,"w":-0.9168542623519898},"size":25.63201141357422,"orthographic":false}